{
  "AWSTemplateFormatVersion": "2010-09-09",
  "Description": "The AWS CloudFormation template for this Serverless application",
  "Resources": {
    "GetAuthURLLogGroup": {
      "Type": "AWS::Logs::LogGroup",
      "Properties": {
        "LogGroupName": "/aws/lambda/auth-server-dev-getAuthURL"
      }
    },
    "GetAccessTokenLogGroup": {
      "Type": "AWS::Logs::LogGroup",
      "Properties": {
        "LogGroupName": "/aws/lambda/auth-server-dev-getAccessToken"
      }
    },
    "GetCalendarEventsLogGroup": {
      "Type": "AWS::Logs::LogGroup",
      "Properties": {
        "LogGroupName": "/aws/lambda/auth-server-dev-getCalendarEvents"
      }
    },
    "IamRoleLambdaExecution": {
      "Type": "AWS::IAM::Role",
      "Properties": {
        "AssumeRolePolicyDocument": {
          "Version": "2012-10-17",
          "Statement": [
            {
              "Effect": "Allow",
              "Principal": {
                "Service": [
                  "lambda.amazonaws.com"
                ]
              },
              "Action": [
                "sts:AssumeRole"
              ]
            }
          ]
        },
        "Policies": [
          {
            "PolicyName": {
              "Fn::Join": [
                "-",
                [
                  "auth-server",
                  "dev",
                  "lambda"
                ]
              ]
            },
            "PolicyDocument": {
              "Version": "2012-10-17",
              "Statement": [
                {
                  "Effect": "Allow",
                  "Action": [
                    "logs:CreateLogStream",
                    "logs:CreateLogGroup",
                    "logs:TagResource"
                  ],
                  "Resource": [
                    {
                      "Fn::Sub": "arn:${AWS::Partition}:logs:${AWS::Region}:${AWS::AccountId}:log-group:/aws/lambda/auth-server-dev*:*"
                    }
                  ]
                },
                {
                  "Effect": "Allow",
                  "Action": [
                    "logs:PutLogEvents"
                  ],
                  "Resource": [
                    {
                      "Fn::Sub": "arn:${AWS::Partition}:logs:${AWS::Region}:${AWS::AccountId}:log-group:/aws/lambda/auth-server-dev*:*:*"
                    }
                  ]
                }
              ]
            }
          }
        ],
        "Path": "/",
        "RoleName": {
          "Fn::Join": [
            "-",
            [
              "auth-server",
              "dev",
              {
                "Ref": "AWS::Region"
              },
              "lambdaRole"
            ]
          ]
        }
      }
    },
    "GetAuthURLLambdaFunction": {
      "Type": "AWS::Lambda::Function",
      "Properties": {
        "Code": {
          "S3Bucket": "serverless-framework-deployments-eu-central-1-775c80b1-694c",
          "S3Key": "serverless/auth-server/dev/1735548733599-2024-12-30T08:52:13.599Z/auth-server.zip"
        },
        "Handler": "handler.getAuthURL",
        "Runtime": "nodejs18.x",
        "FunctionName": "auth-server-dev-getAuthURL",
        "MemorySize": 1024,
        "Timeout": 30,
        "Environment": {
          "Variables": {
            "CLIENT_ID": "782152537588-7u3u4i6vcbp74qpcmqr5qrg024qccipf.apps.googleusercontent.com",
            "CLIENT_SECRET": "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",
            "CALENDAR_ID": "fullstackwebdev@careerfoundry.com"
          }
        },
        "Role": {
          "Fn::GetAtt": [
            "IamRoleLambdaExecution",
            "Arn"
          ]
        }
      },
      "DependsOn": [
        "GetAuthURLLogGroup"
      ]
    },
    "GetAccessTokenLambdaFunction": {
      "Type": "AWS::Lambda::Function",
      "Properties": {
        "Code": {
          "S3Bucket": "serverless-framework-deployments-eu-central-1-775c80b1-694c",
          "S3Key": "serverless/auth-server/dev/1735548733599-2024-12-30T08:52:13.599Z/auth-server.zip"
        },
        "Handler": "handler.getAccessToken",
        "Runtime": "nodejs18.x",
        "FunctionName": "auth-server-dev-getAccessToken",
        "MemorySize": 1024,
        "Timeout": 30,
        "Environment": {
          "Variables": {
            "CLIENT_ID": "782152537588-7u3u4i6vcbp74qpcmqr5qrg024qccipf.apps.googleusercontent.com",
            "CLIENT_SECRET": "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",
            "CALENDAR_ID": "fullstackwebdev@careerfoundry.com"
          }
        },
        "Role": {
          "Fn::GetAtt": [
            "IamRoleLambdaExecution",
            "Arn"
          ]
        }
      },
      "DependsOn": [
        "GetAccessTokenLogGroup"
      ]
    },
    "GetCalendarEventsLambdaFunction": {
      "Type": "AWS::Lambda::Function",
      "Properties": {
        "Code": {
          "S3Bucket": "serverless-framework-deployments-eu-central-1-775c80b1-694c",
          "S3Key": "serverless/auth-server/dev/1735548733599-2024-12-30T08:52:13.599Z/auth-server.zip"
        },
        "Handler": "handler.getCalendarEvents",
        "Runtime": "nodejs18.x",
        "FunctionName": "auth-server-dev-getCalendarEvents",
        "MemorySize": 1024,
        "Timeout": 30,
        "Environment": {
          "Variables": {
            "CLIENT_ID": "782152537588-7u3u4i6vcbp74qpcmqr5qrg024qccipf.apps.googleusercontent.com",
            "CLIENT_SECRET": "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",
            "CALENDAR_ID": "fullstackwebdev@careerfoundry.com"
          }
        },
        "Role": {
          "Fn::GetAtt": [
            "IamRoleLambdaExecution",
            "Arn"
          ]
        }
      },
      "DependsOn": [
        "GetCalendarEventsLogGroup"
      ]
    },
    "GetAuthURLLambdaVersion8hJtaaSzAp0yCddJjKpOIsYqLHU682SgdUc7UTU": {
      "Type": "AWS::Lambda::Version",
      "DeletionPolicy": "Retain",
      "Properties": {
        "FunctionName": {
          "Ref": "GetAuthURLLambdaFunction"
        },
        "CodeSha256": "sWA/dtJBZlOzrwgnmq57+mG+hNDcgdP0ZVlNqaiHqCM="
      }
    },
    "GetAccessTokenLambdaVersionjzK6NlVJOR3Fe8rAnMpOWoEXQkZ0StsFgTi8U8aXFk": {
      "Type": "AWS::Lambda::Version",
      "DeletionPolicy": "Retain",
      "Properties": {
        "FunctionName": {
          "Ref": "GetAccessTokenLambdaFunction"
        },
        "CodeSha256": "sWA/dtJBZlOzrwgnmq57+mG+hNDcgdP0ZVlNqaiHqCM="
      }
    },
    "GetCalendarEventsLambdaVersionBiuXyKStxtpvXBHRad66paSNglgFmVrfZSJlqkSi8o": {
      "Type": "AWS::Lambda::Version",
      "DeletionPolicy": "Retain",
      "Properties": {
        "FunctionName": {
          "Ref": "GetCalendarEventsLambdaFunction"
        },
        "CodeSha256": "sWA/dtJBZlOzrwgnmq57+mG+hNDcgdP0ZVlNqaiHqCM="
      }
    },
    "ApiGatewayRestApi": {
      "Type": "AWS::ApiGateway::RestApi",
      "Properties": {
        "Name": "dev-auth-server",
        "EndpointConfiguration": {
          "Types": [
            "EDGE"
          ]
        },
        "Policy": ""
      }
    },
    "ApiGatewayResourceApi": {
      "Type": "AWS::ApiGateway::Resource",
      "Properties": {
        "ParentId": {
          "Fn::GetAtt": [
            "ApiGatewayRestApi",
            "RootResourceId"
          ]
        },
        "PathPart": "api",
        "RestApiId": {
          "Ref": "ApiGatewayRestApi"
        }
      }
    },
    "ApiGatewayResourceApiGetDashauthDashurl": {
      "Type": "AWS::ApiGateway::Resource",
      "Properties": {
        "ParentId": {
          "Ref": "ApiGatewayResourceApi"
        },
        "PathPart": "get-auth-url",
        "RestApiId": {
          "Ref": "ApiGatewayRestApi"
        }
      }
    },
    "ApiGatewayResourceApiToken": {
      "Type": "AWS::ApiGateway::Resource",
      "Properties": {
        "ParentId": {
          "Ref": "ApiGatewayResourceApi"
        },
        "PathPart": "token",
        "RestApiId": {
          "Ref": "ApiGatewayRestApi"
        }
      }
    },
    "ApiGatewayResourceApiTokenCodeVar": {
      "Type": "AWS::ApiGateway::Resource",
      "Properties": {
        "ParentId": {
          "Ref": "ApiGatewayResourceApiToken"
        },
        "PathPart": "{code}",
        "RestApiId": {
          "Ref": "ApiGatewayRestApi"
        }
      }
    },
    "ApiGatewayResourceApiGetDashevents": {
      "Type": "AWS::ApiGateway::Resource",
      "Properties": {
        "ParentId": {
          "Ref": "ApiGatewayResourceApi"
        },
        "PathPart": "get-events",
        "RestApiId": {
          "Ref": "ApiGatewayRestApi"
        }
      }
    },
    "ApiGatewayResourceApiGetDasheventsAccesstokenVar": {
      "Type": "AWS::ApiGateway::Resource",
      "Properties": {
        "ParentId": {
          "Ref": "ApiGatewayResourceApiGetDashevents"
        },
        "PathPart": "{access_token}",
        "RestApiId": {
          "Ref": "ApiGatewayRestApi"
        }
      }
    },
    "ApiGatewayMethodApiGetDashauthDashurlGet": {
      "Type": "AWS::ApiGateway::Method",
      "Properties": {
        "HttpMethod": "GET",
        "RequestParameters": {},
        "ResourceId": {
          "Ref": "ApiGatewayResourceApiGetDashauthDashurl"
        },
        "RestApiId": {
          "Ref": "ApiGatewayRestApi"
        },
        "ApiKeyRequired": false,
        "AuthorizationType": "NONE",
        "Integration": {
          "IntegrationHttpMethod": "POST",
          "Type": "AWS_PROXY",
          "Uri": {
            "Fn::Join": [
              "",
              [
                "arn:",
                {
                  "Ref": "AWS::Partition"
                },
                ":apigateway:",
                {
                  "Ref": "AWS::Region"
                },
                ":lambda:path/2015-03-31/functions/",
                {
                  "Fn::GetAtt": [
                    "GetAuthURLLambdaFunction",
                    "Arn"
                  ]
                },
                "/invocations"
              ]
            ]
          }
        },
        "MethodResponses": []
      },
      "DependsOn": [
        "GetAuthURLLambdaPermissionApiGateway"
      ]
    },
    "ApiGatewayMethodApiTokenCodeVarGet": {
      "Type": "AWS::ApiGateway::Method",
      "Properties": {
        "HttpMethod": "GET",
        "RequestParameters": {},
        "ResourceId": {
          "Ref": "ApiGatewayResourceApiTokenCodeVar"
        },
        "RestApiId": {
          "Ref": "ApiGatewayRestApi"
        },
        "ApiKeyRequired": false,
        "AuthorizationType": "NONE",
        "Integration": {
          "IntegrationHttpMethod": "POST",
          "Type": "AWS_PROXY",
          "Uri": {
            "Fn::Join": [
              "",
              [
                "arn:",
                {
                  "Ref": "AWS::Partition"
                },
                ":apigateway:",
                {
                  "Ref": "AWS::Region"
                },
                ":lambda:path/2015-03-31/functions/",
                {
                  "Fn::GetAtt": [
                    "GetAccessTokenLambdaFunction",
                    "Arn"
                  ]
                },
                "/invocations"
              ]
            ]
          }
        },
        "MethodResponses": []
      },
      "DependsOn": [
        "GetAccessTokenLambdaPermissionApiGateway"
      ]
    },
    "ApiGatewayMethodApiGetDasheventsAccesstokenVarGet": {
      "Type": "AWS::ApiGateway::Method",
      "Properties": {
        "HttpMethod": "GET",
        "RequestParameters": {},
        "ResourceId": {
          "Ref": "ApiGatewayResourceApiGetDasheventsAccesstokenVar"
        },
        "RestApiId": {
          "Ref": "ApiGatewayRestApi"
        },
        "ApiKeyRequired": false,
        "AuthorizationType": "NONE",
        "Integration": {
          "IntegrationHttpMethod": "POST",
          "Type": "AWS_PROXY",
          "Uri": {
            "Fn::Join": [
              "",
              [
                "arn:",
                {
                  "Ref": "AWS::Partition"
                },
                ":apigateway:",
                {
                  "Ref": "AWS::Region"
                },
                ":lambda:path/2015-03-31/functions/",
                {
                  "Fn::GetAtt": [
                    "GetCalendarEventsLambdaFunction",
                    "Arn"
                  ]
                },
                "/invocations"
              ]
            ]
          }
        },
        "MethodResponses": []
      },
      "DependsOn": [
        "GetCalendarEventsLambdaPermissionApiGateway"
      ]
    },
    "ApiGatewayDeployment1735548721710": {
      "Type": "AWS::ApiGateway::Deployment",
      "Properties": {
        "RestApiId": {
          "Ref": "ApiGatewayRestApi"
        },
        "StageName": "dev"
      },
      "DependsOn": [
        "ApiGatewayMethodApiGetDashauthDashurlGet",
        "ApiGatewayMethodApiTokenCodeVarGet",
        "ApiGatewayMethodApiGetDasheventsAccesstokenVarGet"
      ]
    },
    "GetAuthURLLambdaPermissionApiGateway": {
      "Type": "AWS::Lambda::Permission",
      "Properties": {
        "FunctionName": {
          "Fn::GetAtt": [
            "GetAuthURLLambdaFunction",
            "Arn"
          ]
        },
        "Action": "lambda:InvokeFunction",
        "Principal": "apigateway.amazonaws.com",
        "SourceArn": {
          "Fn::Join": [
            "",
            [
              "arn:",
              {
                "Ref": "AWS::Partition"
              },
              ":execute-api:",
              {
                "Ref": "AWS::Region"
              },
              ":",
              {
                "Ref": "AWS::AccountId"
              },
              ":",
              {
                "Ref": "ApiGatewayRestApi"
              },
              "/*/*"
            ]
          ]
        }
      }
    },
    "GetAccessTokenLambdaPermissionApiGateway": {
      "Type": "AWS::Lambda::Permission",
      "Properties": {
        "FunctionName": {
          "Fn::GetAtt": [
            "GetAccessTokenLambdaFunction",
            "Arn"
          ]
        },
        "Action": "lambda:InvokeFunction",
        "Principal": "apigateway.amazonaws.com",
        "SourceArn": {
          "Fn::Join": [
            "",
            [
              "arn:",
              {
                "Ref": "AWS::Partition"
              },
              ":execute-api:",
              {
                "Ref": "AWS::Region"
              },
              ":",
              {
                "Ref": "AWS::AccountId"
              },
              ":",
              {
                "Ref": "ApiGatewayRestApi"
              },
              "/*/*"
            ]
          ]
        }
      }
    },
    "GetCalendarEventsLambdaPermissionApiGateway": {
      "Type": "AWS::Lambda::Permission",
      "Properties": {
        "FunctionName": {
          "Fn::GetAtt": [
            "GetCalendarEventsLambdaFunction",
            "Arn"
          ]
        },
        "Action": "lambda:InvokeFunction",
        "Principal": "apigateway.amazonaws.com",
        "SourceArn": {
          "Fn::Join": [
            "",
            [
              "arn:",
              {
                "Ref": "AWS::Partition"
              },
              ":execute-api:",
              {
                "Ref": "AWS::Region"
              },
              ":",
              {
                "Ref": "AWS::AccountId"
              },
              ":",
              {
                "Ref": "ApiGatewayRestApi"
              },
              "/*/*"
            ]
          ]
        }
      }
    }
  },
  "Outputs": {
    "ServerlessDeploymentBucketName": {
      "Value": "serverless-framework-deployments-eu-central-1-775c80b1-694c",
      "Export": {
        "Name": "sls-auth-server-dev-ServerlessDeploymentBucketName"
      }
    },
    "GetAuthURLLambdaFunctionQualifiedArn": {
      "Description": "Current Lambda function version",
      "Value": {
        "Ref": "GetAuthURLLambdaVersion8hJtaaSzAp0yCddJjKpOIsYqLHU682SgdUc7UTU"
      },
      "Export": {
        "Name": "sls-auth-server-dev-GetAuthURLLambdaFunctionQualifiedArn"
      }
    },
    "GetAccessTokenLambdaFunctionQualifiedArn": {
      "Description": "Current Lambda function version",
      "Value": {
        "Ref": "GetAccessTokenLambdaVersionjzK6NlVJOR3Fe8rAnMpOWoEXQkZ0StsFgTi8U8aXFk"
      },
      "Export": {
        "Name": "sls-auth-server-dev-GetAccessTokenLambdaFunctionQualifiedArn"
      }
    },
    "GetCalendarEventsLambdaFunctionQualifiedArn": {
      "Description": "Current Lambda function version",
      "Value": {
        "Ref": "GetCalendarEventsLambdaVersionBiuXyKStxtpvXBHRad66paSNglgFmVrfZSJlqkSi8o"
      },
      "Export": {
        "Name": "sls-auth-server-dev-GetCalendarEventsLambdaFunctionQualifiedArn"
      }
    },
    "ServiceEndpoint": {
      "Description": "URL of the service endpoint",
      "Value": {
        "Fn::Join": [
          "",
          [
            "https://",
            {
              "Ref": "ApiGatewayRestApi"
            },
            ".execute-api.",
            {
              "Ref": "AWS::Region"
            },
            ".",
            {
              "Ref": "AWS::URLSuffix"
            },
            "/dev"
          ]
        ]
      },
      "Export": {
        "Name": "sls-auth-server-dev-ServiceEndpoint"
      }
    }
  }
}