{
  "C:\\web_dev\\meet\\auth-server": {
    "versionSfCore": null,
    "versionFramework": "4.4.18",
    "isWithinCompose": false,
    "isCompose": false,
    "composeOrgName": null,
    "composeResolverProviders": {
      "default-aws-credential-resolver": "<REDACTED>",
      "file": {
        "instance": {
          "credentials": "<REDACTED>",
          "serviceConfigFile": {
            "service": "auth-server",
            "provider": {
              "name": "aws",
              "runtime": "nodejs18.x",
              "region": "eu-central-1",
              "timeout": 30,
              "environment": {
                "CLIENT_ID": "782152537588-7u3u4i6vcbp74qpcmqr5qrg024qccipf.apps.googleusercontent.com",
                "CLIENT_SECRET": "<REDACTED>",
                "CALENDAR_ID": "fullstackwebdev@careerfoundry.com"
              },
              "stage": "dev",
              "versionFunctions": true,
              "compiledCloudFormationTemplate": {
                "AWSTemplateFormatVersion": "2010-09-09",
                "Description": "The AWS CloudFormation template for this Serverless application",
                "Resources": {
                  "GetAuthURLLogGroup": {
                    "Type": "AWS::Logs::LogGroup",
                    "Properties": {
                      "LogGroupName": "/aws/lambda/auth-server-dev-getAuthURL"
                    }
                  },
                  "GetAccessTokenLogGroup": "<REDACTED>",
                  "GetCalendarEventsLogGroup": {
                    "Type": "AWS::Logs::LogGroup",
                    "Properties": {
                      "LogGroupName": "/aws/lambda/auth-server-dev-getCalendarEvents"
                    }
                  },
                  "IamRoleLambdaExecution": {
                    "Type": "AWS::IAM::Role",
                    "Properties": {
                      "AssumeRolePolicyDocument": {
                        "Version": "2012-10-17",
                        "Statement": [
                          {
                            "Effect": "Allow",
                            "Principal": {
                              "Service": [
                                "lambda.amazonaws.com"
                              ]
                            },
                            "Action": [
                              "sts:AssumeRole"
                            ]
                          }
                        ]
                      },
                      "Policies": [
                        {
                          "PolicyName": {
                            "Fn::Join": [
                              "-",
                              [
                                "auth-server",
                                "dev",
                                "lambda"
                              ]
                            ]
                          },
                          "PolicyDocument": {
                            "Version": "2012-10-17",
                            "Statement": [
                              {
                                "Effect": "Allow",
                                "Action": [
                                  "logs:CreateLogStream",
                                  "logs:CreateLogGroup",
                                  "logs:TagResource"
                                ],
                                "Resource": [
                                  {
                                    "Fn::Sub": "arn:${AWS::Partition}:logs:${AWS::Region}:${AWS::AccountId}:log-group:/aws/lambda/auth-server-dev*:*"
                                  }
                                ]
                              },
                              {
                                "Effect": "Allow",
                                "Action": [
                                  "logs:PutLogEvents"
                                ],
                                "Resource": [
                                  {
                                    "Fn::Sub": "arn:${AWS::Partition}:logs:${AWS::Region}:${AWS::AccountId}:log-group:/aws/lambda/auth-server-dev*:*:*"
                                  }
                                ]
                              }
                            ]
                          }
                        }
                      ],
                      "Path": "/",
                      "RoleName": {
                        "Fn::Join": [
                          "-",
                          [
                            "auth-server",
                            "dev",
                            {
                              "Ref": "AWS::Region"
                            },
                            "lambdaRole"
                          ]
                        ]
                      }
                    }
                  },
                  "GetAuthURLLambdaFunction": {
                    "Type": "AWS::Lambda::Function",
                    "Properties": {
                      "Code": {
                        "S3Bucket": "serverless-framework-deployments-eu-central-1-775c80b1-694c",
                        "S3Key": "serverless/auth-server/dev/1735548733599-2024-12-30T08:52:13.599Z/auth-server.zip"
                      },
                      "Handler": "handler.getAuthURL",
                      "Runtime": "nodejs18.x",
                      "FunctionName": "auth-server-dev-getAuthURL",
                      "MemorySize": 1024,
                      "Timeout": 30,
                      "Environment": {
                        "Variables": {
                          "CLIENT_ID": "782152537588-7u3u4i6vcbp74qpcmqr5qrg024qccipf.apps.googleusercontent.com",
                          "CLIENT_SECRET": "<REDACTED>",
                          "CALENDAR_ID": "fullstackwebdev@careerfoundry.com"
                        }
                      },
                      "Role": {
                        "Fn::GetAtt": [
                          "IamRoleLambdaExecution",
                          "Arn"
                        ]
                      }
                    },
                    "DependsOn": [
                      "GetAuthURLLogGroup"
                    ]
                  },
                  "GetAccessTokenLambdaFunction": "<REDACTED>",
                  "GetCalendarEventsLambdaFunction": {
                    "Type": "AWS::Lambda::Function",
                    "Properties": {
                      "Code": {
                        "S3Bucket": "serverless-framework-deployments-eu-central-1-775c80b1-694c",
                        "S3Key": "serverless/auth-server/dev/1735548733599-2024-12-30T08:52:13.599Z/auth-server.zip"
                      },
                      "Handler": "handler.getCalendarEvents",
                      "Runtime": "nodejs18.x",
                      "FunctionName": "auth-server-dev-getCalendarEvents",
                      "MemorySize": 1024,
                      "Timeout": 30,
                      "Environment": {
                        "Variables": {
                          "CLIENT_ID": "782152537588-7u3u4i6vcbp74qpcmqr5qrg024qccipf.apps.googleusercontent.com",
                          "CLIENT_SECRET": "<REDACTED>",
                          "CALENDAR_ID": "fullstackwebdev@careerfoundry.com"
                        }
                      },
                      "Role": {
                        "Fn::GetAtt": [
                          "IamRoleLambdaExecution",
                          "Arn"
                        ]
                      }
                    },
                    "DependsOn": [
                      "GetCalendarEventsLogGroup"
                    ]
                  },
                  "GetAuthURLLambdaVersion8hJtaaSzAp0yCddJjKpOIsYqLHU682SgdUc7UTU": {
                    "Type": "AWS::Lambda::Version",
                    "DeletionPolicy": "Retain",
                    "Properties": {
                      "FunctionName": {
                        "Ref": "GetAuthURLLambdaFunction"
                      },
                      "CodeSha256": "sWA/dtJBZlOzrwgnmq57+mG+hNDcgdP0ZVlNqaiHqCM="
                    }
                  },
                  "GetAccessTokenLambdaVersionjzK6NlVJOR3Fe8rAnMpOWoEXQkZ0StsFgTi8U8aXFk": "<REDACTED>",
                  "GetCalendarEventsLambdaVersionBiuXyKStxtpvXBHRad66paSNglgFmVrfZSJlqkSi8o": {
                    "Type": "AWS::Lambda::Version",
                    "DeletionPolicy": "Retain",
                    "Properties": {
                      "FunctionName": {
                        "Ref": "GetCalendarEventsLambdaFunction"
                      },
                      "CodeSha256": "sWA/dtJBZlOzrwgnmq57+mG+hNDcgdP0ZVlNqaiHqCM="
                    }
                  },
                  "ApiGatewayRestApi": {
                    "Type": "AWS::ApiGateway::RestApi",
                    "Properties": {
                      "Name": "dev-auth-server",
                      "EndpointConfiguration": {
                        "Types": [
                          "EDGE"
                        ]
                      },
                      "Policy": ""
                    }
                  },
                  "ApiGatewayResourceApi": {
                    "Type": "AWS::ApiGateway::Resource",
                    "Properties": {
                      "ParentId": {
                        "Fn::GetAtt": [
                          "ApiGatewayRestApi",
                          "RootResourceId"
                        ]
                      },
                      "PathPart": "api",
                      "RestApiId": {
                        "Ref": "ApiGatewayRestApi"
                      }
                    }
                  },
                  "ApiGatewayResourceApiGetDashauthDashurl": {
                    "Type": "AWS::ApiGateway::Resource",
                    "Properties": {
                      "ParentId": {
                        "Ref": "ApiGatewayResourceApi"
                      },
                      "PathPart": "get-auth-url",
                      "RestApiId": {
                        "Ref": "ApiGatewayRestApi"
                      }
                    }
                  },
                  "ApiGatewayResourceApiToken": "<REDACTED>",
                  "ApiGatewayResourceApiTokenCodeVar": "<REDACTED>",
                  "ApiGatewayResourceApiGetDashevents": {
                    "Type": "AWS::ApiGateway::Resource",
                    "Properties": {
                      "ParentId": {
                        "Ref": "ApiGatewayResourceApi"
                      },
                      "PathPart": "get-events",
                      "RestApiId": {
                        "Ref": "ApiGatewayRestApi"
                      }
                    }
                  },
                  "ApiGatewayResourceApiGetDasheventsAccesstokenVar": "<REDACTED>",
                  "ApiGatewayMethodApiGetDashauthDashurlGet": {
                    "Type": "AWS::ApiGateway::Method",
                    "Properties": {
                      "HttpMethod": "GET",
                      "RequestParameters": {},
                      "ResourceId": {
                        "Ref": "ApiGatewayResourceApiGetDashauthDashurl"
                      },
                      "RestApiId": {
                        "Ref": "ApiGatewayRestApi"
                      },
                      "ApiKeyRequired": "<REDACTED>",
                      "AuthorizationType": "NONE",
                      "Integration": {
                        "IntegrationHttpMethod": "POST",
                        "Type": "AWS_PROXY",
                        "Uri": {
                          "Fn::Join": [
                            "",
                            [
                              "arn:",
                              {
                                "Ref": "AWS::Partition"
                              },
                              ":apigateway:",
                              {
                                "Ref": "AWS::Region"
                              },
                              ":lambda:path/2015-03-31/functions/",
                              {
                                "Fn::GetAtt": [
                                  "GetAuthURLLambdaFunction",
                                  "Arn"
                                ]
                              },
                              "/invocations"
                            ]
                          ]
                        }
                      },
                      "MethodResponses": []
                    },
                    "DependsOn": [
                      "GetAuthURLLambdaPermissionApiGateway"
                    ]
                  },
                  "ApiGatewayMethodApiTokenCodeVarGet": "<REDACTED>",
                  "ApiGatewayMethodApiGetDasheventsAccesstokenVarGet": "<REDACTED>",
                  "ApiGatewayDeployment1735548721710": {
                    "Type": "AWS::ApiGateway::Deployment",
                    "Properties": {
                      "RestApiId": {
                        "Ref": "ApiGatewayRestApi"
                      },
                      "StageName": "dev"
                    },
                    "DependsOn": [
                      "ApiGatewayMethodApiGetDashauthDashurlGet",
                      "ApiGatewayMethodApiTokenCodeVarGet",
                      "ApiGatewayMethodApiGetDasheventsAccesstokenVarGet"
                    ]
                  },
                  "GetAuthURLLambdaPermissionApiGateway": {
                    "Type": "AWS::Lambda::Permission",
                    "Properties": {
                      "FunctionName": {
                        "Fn::GetAtt": [
                          "GetAuthURLLambdaFunction",
                          "Arn"
                        ]
                      },
                      "Action": "lambda:InvokeFunction",
                      "Principal": "apigateway.amazonaws.com",
                      "SourceArn": {
                        "Fn::Join": [
                          "",
                          [
                            "arn:",
                            {
                              "Ref": "AWS::Partition"
                            },
                            ":execute-api:",
                            {
                              "Ref": "AWS::Region"
                            },
                            ":",
                            {
                              "Ref": "AWS::AccountId"
                            },
                            ":",
                            {
                              "Ref": "ApiGatewayRestApi"
                            },
                            "/*/*"
                          ]
                        ]
                      }
                    }
                  },
                  "GetAccessTokenLambdaPermissionApiGateway": "<REDACTED>",
                  "GetCalendarEventsLambdaPermissionApiGateway": {
                    "Type": "AWS::Lambda::Permission",
                    "Properties": {
                      "FunctionName": {
                        "Fn::GetAtt": [
                          "GetCalendarEventsLambdaFunction",
                          "Arn"
                        ]
                      },
                      "Action": "lambda:InvokeFunction",
                      "Principal": "apigateway.amazonaws.com",
                      "SourceArn": {
                        "Fn::Join": [
                          "",
                          [
                            "arn:",
                            {
                              "Ref": "AWS::Partition"
                            },
                            ":execute-api:",
                            {
                              "Ref": "AWS::Region"
                            },
                            ":",
                            {
                              "Ref": "AWS::AccountId"
                            },
                            ":",
                            {
                              "Ref": "ApiGatewayRestApi"
                            },
                            "/*/*"
                          ]
                        ]
                      }
                    }
                  }
                },
                "Outputs": {
                  "ServerlessDeploymentBucketName": {
                    "Value": "serverless-framework-deployments-eu-central-1-775c80b1-694c",
                    "Export": {
                      "Name": "sls-auth-server-dev-ServerlessDeploymentBucketName"
                    }
                  },
                  "GetAuthURLLambdaFunctionQualifiedArn": {
                    "Description": "Current Lambda function version",
                    "Value": {
                      "Ref": "GetAuthURLLambdaVersion8hJtaaSzAp0yCddJjKpOIsYqLHU682SgdUc7UTU"
                    },
                    "Export": {
                      "Name": "sls-auth-server-dev-GetAuthURLLambdaFunctionQualifiedArn"
                    }
                  },
                  "GetAccessTokenLambdaFunctionQualifiedArn": "<REDACTED>",
                  "GetCalendarEventsLambdaFunctionQualifiedArn": {
                    "Description": "Current Lambda function version",
                    "Value": {
                      "Ref": "GetCalendarEventsLambdaVersionBiuXyKStxtpvXBHRad66paSNglgFmVrfZSJlqkSi8o"
                    },
                    "Export": {
                      "Name": "sls-auth-server-dev-GetCalendarEventsLambdaFunctionQualifiedArn"
                    }
                  },
                  "ServiceEndpoint": {
                    "Description": "URL of the service endpoint",
                    "Value": {
                      "Fn::Join": [
                        "",
                        [
                          "https://",
                          {
                            "Ref": "ApiGatewayRestApi"
                          },
                          ".execute-api.",
                          {
                            "Ref": "AWS::Region"
                          },
                          ".",
                          {
                            "Ref": "AWS::URLSuffix"
                          },
                          "/dev"
                        ]
                      ]
                    },
                    "Export": {
                      "Name": "sls-auth-server-dev-ServiceEndpoint"
                    }
                  }
                }
              },
              "vpc": {}
            },
            "functions": {
              "getAuthURL": {
                "handler": "handler.getAuthURL",
                "events": [
                  {
                    "http": {
                      "path": "api/get-auth-url",
                      "method": "get",
                      "integration": "AWS_PROXY"
                    }
                  }
                ],
                "name": "auth-server-dev-getAuthURL",
                "package": {},
                "memory": 1024,
                "timeout": 30,
                "runtime": "nodejs18.x",
                "vpc": {},
                "versionLogicalId": "GetAuthURLLambdaVersion8hJtaaSzAp0yCddJjKpOIsYqLHU682SgdUc7UTU"
              },
              "getAccessToken": "<REDACTED>",
              "getCalendarEvents": {
                "handler": "handler.getCalendarEvents",
                "events": [
                  {
                    "http": {
                      "path": "api/get-events/{access_token}",
                      "method": "get",
                      "integration": "AWS_PROXY"
                    }
                  }
                ],
                "name": "auth-server-dev-getCalendarEvents",
                "package": {},
                "memory": 1024,
                "timeout": 30,
                "runtime": "nodejs18.x",
                "vpc": {},
                "versionLogicalId": "GetCalendarEventsLambdaVersionBiuXyKStxtpvXBHRad66paSNglgFmVrfZSJlqkSi8o"
              }
            }
          },
          "configFileDirPath": "C:\\web_dev\\meet\\auth-server",
          "config": {
            "type": "file"
          },
          "options": {},
          "stage": "dev",
          "dashboard": null,
          "logger": {
            "namespace": "s:core:resolver:file",
            "prefix": null,
            "prefixColor": null
          },
          "_credentialsPromise": "<REDACTED>"
        },
        "resolvers": {}
      },
      "sls": {
        "instance": {
          "credentials": "<REDACTED>",
          "serviceConfigFile": {
            "service": "auth-server",
            "provider": {
              "name": "aws",
              "runtime": "nodejs18.x",
              "region": "eu-central-1",
              "timeout": 30,
              "environment": {
                "CLIENT_ID": "782152537588-7u3u4i6vcbp74qpcmqr5qrg024qccipf.apps.googleusercontent.com",
                "CLIENT_SECRET": "<REDACTED>",
                "CALENDAR_ID": "fullstackwebdev@careerfoundry.com"
              },
              "stage": "dev",
              "versionFunctions": true,
              "compiledCloudFormationTemplate": {
                "AWSTemplateFormatVersion": "2010-09-09",
                "Description": "The AWS CloudFormation template for this Serverless application",
                "Resources": {
                  "GetAuthURLLogGroup": {
                    "Type": "AWS::Logs::LogGroup",
                    "Properties": {
                      "LogGroupName": "/aws/lambda/auth-server-dev-getAuthURL"
                    }
                  },
                  "GetAccessTokenLogGroup": "<REDACTED>",
                  "GetCalendarEventsLogGroup": {
                    "Type": "AWS::Logs::LogGroup",
                    "Properties": {
                      "LogGroupName": "/aws/lambda/auth-server-dev-getCalendarEvents"
                    }
                  },
                  "IamRoleLambdaExecution": {
                    "Type": "AWS::IAM::Role",
                    "Properties": {
                      "AssumeRolePolicyDocument": {
                        "Version": "2012-10-17",
                        "Statement": [
                          {
                            "Effect": "Allow",
                            "Principal": {
                              "Service": [
                                "lambda.amazonaws.com"
                              ]
                            },
                            "Action": [
                              "sts:AssumeRole"
                            ]
                          }
                        ]
                      },
                      "Policies": [
                        {
                          "PolicyName": {
                            "Fn::Join": [
                              "-",
                              [
                                "auth-server",
                                "dev",
                                "lambda"
                              ]
                            ]
                          },
                          "PolicyDocument": {
                            "Version": "2012-10-17",
                            "Statement": [
                              {
                                "Effect": "Allow",
                                "Action": [
                                  "logs:CreateLogStream",
                                  "logs:CreateLogGroup",
                                  "logs:TagResource"
                                ],
                                "Resource": [
                                  {
                                    "Fn::Sub": "arn:${AWS::Partition}:logs:${AWS::Region}:${AWS::AccountId}:log-group:/aws/lambda/auth-server-dev*:*"
                                  }
                                ]
                              },
                              {
                                "Effect": "Allow",
                                "Action": [
                                  "logs:PutLogEvents"
                                ],
                                "Resource": [
                                  {
                                    "Fn::Sub": "arn:${AWS::Partition}:logs:${AWS::Region}:${AWS::AccountId}:log-group:/aws/lambda/auth-server-dev*:*:*"
                                  }
                                ]
                              }
                            ]
                          }
                        }
                      ],
                      "Path": "/",
                      "RoleName": {
                        "Fn::Join": [
                          "-",
                          [
                            "auth-server",
                            "dev",
                            {
                              "Ref": "AWS::Region"
                            },
                            "lambdaRole"
                          ]
                        ]
                      }
                    }
                  },
                  "GetAuthURLLambdaFunction": {
                    "Type": "AWS::Lambda::Function",
                    "Properties": {
                      "Code": {
                        "S3Bucket": "serverless-framework-deployments-eu-central-1-775c80b1-694c",
                        "S3Key": "serverless/auth-server/dev/1735548733599-2024-12-30T08:52:13.599Z/auth-server.zip"
                      },
                      "Handler": "handler.getAuthURL",
                      "Runtime": "nodejs18.x",
                      "FunctionName": "auth-server-dev-getAuthURL",
                      "MemorySize": 1024,
                      "Timeout": 30,
                      "Environment": {
                        "Variables": {
                          "CLIENT_ID": "782152537588-7u3u4i6vcbp74qpcmqr5qrg024qccipf.apps.googleusercontent.com",
                          "CLIENT_SECRET": "<REDACTED>",
                          "CALENDAR_ID": "fullstackwebdev@careerfoundry.com"
                        }
                      },
                      "Role": {
                        "Fn::GetAtt": [
                          "IamRoleLambdaExecution",
                          "Arn"
                        ]
                      }
                    },
                    "DependsOn": [
                      "GetAuthURLLogGroup"
                    ]
                  },
                  "GetAccessTokenLambdaFunction": "<REDACTED>",
                  "GetCalendarEventsLambdaFunction": {
                    "Type": "AWS::Lambda::Function",
                    "Properties": {
                      "Code": {
                        "S3Bucket": "serverless-framework-deployments-eu-central-1-775c80b1-694c",
                        "S3Key": "serverless/auth-server/dev/1735548733599-2024-12-30T08:52:13.599Z/auth-server.zip"
                      },
                      "Handler": "handler.getCalendarEvents",
                      "Runtime": "nodejs18.x",
                      "FunctionName": "auth-server-dev-getCalendarEvents",
                      "MemorySize": 1024,
                      "Timeout": 30,
                      "Environment": {
                        "Variables": {
                          "CLIENT_ID": "782152537588-7u3u4i6vcbp74qpcmqr5qrg024qccipf.apps.googleusercontent.com",
                          "CLIENT_SECRET": "<REDACTED>",
                          "CALENDAR_ID": "fullstackwebdev@careerfoundry.com"
                        }
                      },
                      "Role": {
                        "Fn::GetAtt": [
                          "IamRoleLambdaExecution",
                          "Arn"
                        ]
                      }
                    },
                    "DependsOn": [
                      "GetCalendarEventsLogGroup"
                    ]
                  },
                  "GetAuthURLLambdaVersion8hJtaaSzAp0yCddJjKpOIsYqLHU682SgdUc7UTU": {
                    "Type": "AWS::Lambda::Version",
                    "DeletionPolicy": "Retain",
                    "Properties": {
                      "FunctionName": {
                        "Ref": "GetAuthURLLambdaFunction"
                      },
                      "CodeSha256": "sWA/dtJBZlOzrwgnmq57+mG+hNDcgdP0ZVlNqaiHqCM="
                    }
                  },
                  "GetAccessTokenLambdaVersionjzK6NlVJOR3Fe8rAnMpOWoEXQkZ0StsFgTi8U8aXFk": "<REDACTED>",
                  "GetCalendarEventsLambdaVersionBiuXyKStxtpvXBHRad66paSNglgFmVrfZSJlqkSi8o": {
                    "Type": "AWS::Lambda::Version",
                    "DeletionPolicy": "Retain",
                    "Properties": {
                      "FunctionName": {
                        "Ref": "GetCalendarEventsLambdaFunction"
                      },
                      "CodeSha256": "sWA/dtJBZlOzrwgnmq57+mG+hNDcgdP0ZVlNqaiHqCM="
                    }
                  },
                  "ApiGatewayRestApi": {
                    "Type": "AWS::ApiGateway::RestApi",
                    "Properties": {
                      "Name": "dev-auth-server",
                      "EndpointConfiguration": {
                        "Types": [
                          "EDGE"
                        ]
                      },
                      "Policy": ""
                    }
                  },
                  "ApiGatewayResourceApi": {
                    "Type": "AWS::ApiGateway::Resource",
                    "Properties": {
                      "ParentId": {
                        "Fn::GetAtt": [
                          "ApiGatewayRestApi",
                          "RootResourceId"
                        ]
                      },
                      "PathPart": "api",
                      "RestApiId": {
                        "Ref": "ApiGatewayRestApi"
                      }
                    }
                  },
                  "ApiGatewayResourceApiGetDashauthDashurl": {
                    "Type": "AWS::ApiGateway::Resource",
                    "Properties": {
                      "ParentId": {
                        "Ref": "ApiGatewayResourceApi"
                      },
                      "PathPart": "get-auth-url",
                      "RestApiId": {
                        "Ref": "ApiGatewayRestApi"
                      }
                    }
                  },
                  "ApiGatewayResourceApiToken": "<REDACTED>",
                  "ApiGatewayResourceApiTokenCodeVar": "<REDACTED>",
                  "ApiGatewayResourceApiGetDashevents": {
                    "Type": "AWS::ApiGateway::Resource",
                    "Properties": {
                      "ParentId": {
                        "Ref": "ApiGatewayResourceApi"
                      },
                      "PathPart": "get-events",
                      "RestApiId": {
                        "Ref": "ApiGatewayRestApi"
                      }
                    }
                  },
                  "ApiGatewayResourceApiGetDasheventsAccesstokenVar": "<REDACTED>",
                  "ApiGatewayMethodApiGetDashauthDashurlGet": {
                    "Type": "AWS::ApiGateway::Method",
                    "Properties": {
                      "HttpMethod": "GET",
                      "RequestParameters": {},
                      "ResourceId": {
                        "Ref": "ApiGatewayResourceApiGetDashauthDashurl"
                      },
                      "RestApiId": {
                        "Ref": "ApiGatewayRestApi"
                      },
                      "ApiKeyRequired": "<REDACTED>",
                      "AuthorizationType": "NONE",
                      "Integration": {
                        "IntegrationHttpMethod": "POST",
                        "Type": "AWS_PROXY",
                        "Uri": {
                          "Fn::Join": [
                            "",
                            [
                              "arn:",
                              {
                                "Ref": "AWS::Partition"
                              },
                              ":apigateway:",
                              {
                                "Ref": "AWS::Region"
                              },
                              ":lambda:path/2015-03-31/functions/",
                              {
                                "Fn::GetAtt": [
                                  "GetAuthURLLambdaFunction",
                                  "Arn"
                                ]
                              },
                              "/invocations"
                            ]
                          ]
                        }
                      },
                      "MethodResponses": []
                    },
                    "DependsOn": [
                      "GetAuthURLLambdaPermissionApiGateway"
                    ]
                  },
                  "ApiGatewayMethodApiTokenCodeVarGet": "<REDACTED>",
                  "ApiGatewayMethodApiGetDasheventsAccesstokenVarGet": "<REDACTED>",
                  "ApiGatewayDeployment1735548721710": {
                    "Type": "AWS::ApiGateway::Deployment",
                    "Properties": {
                      "RestApiId": {
                        "Ref": "ApiGatewayRestApi"
                      },
                      "StageName": "dev"
                    },
                    "DependsOn": [
                      "ApiGatewayMethodApiGetDashauthDashurlGet",
                      "ApiGatewayMethodApiTokenCodeVarGet",
                      "ApiGatewayMethodApiGetDasheventsAccesstokenVarGet"
                    ]
                  },
                  "GetAuthURLLambdaPermissionApiGateway": {
                    "Type": "AWS::Lambda::Permission",
                    "Properties": {
                      "FunctionName": {
                        "Fn::GetAtt": [
                          "GetAuthURLLambdaFunction",
                          "Arn"
                        ]
                      },
                      "Action": "lambda:InvokeFunction",
                      "Principal": "apigateway.amazonaws.com",
                      "SourceArn": {
                        "Fn::Join": [
                          "",
                          [
                            "arn:",
                            {
                              "Ref": "AWS::Partition"
                            },
                            ":execute-api:",
                            {
                              "Ref": "AWS::Region"
                            },
                            ":",
                            {
                              "Ref": "AWS::AccountId"
                            },
                            ":",
                            {
                              "Ref": "ApiGatewayRestApi"
                            },
                            "/*/*"
                          ]
                        ]
                      }
                    }
                  },
                  "GetAccessTokenLambdaPermissionApiGateway": "<REDACTED>",
                  "GetCalendarEventsLambdaPermissionApiGateway": {
                    "Type": "AWS::Lambda::Permission",
                    "Properties": {
                      "FunctionName": {
                        "Fn::GetAtt": [
                          "GetCalendarEventsLambdaFunction",
                          "Arn"
                        ]
                      },
                      "Action": "lambda:InvokeFunction",
                      "Principal": "apigateway.amazonaws.com",
                      "SourceArn": {
                        "Fn::Join": [
                          "",
                          [
                            "arn:",
                            {
                              "Ref": "AWS::Partition"
                            },
                            ":execute-api:",
                            {
                              "Ref": "AWS::Region"
                            },
                            ":",
                            {
                              "Ref": "AWS::AccountId"
                            },
                            ":",
                            {
                              "Ref": "ApiGatewayRestApi"
                            },
                            "/*/*"
                          ]
                        ]
                      }
                    }
                  }
                },
                "Outputs": {
                  "ServerlessDeploymentBucketName": {
                    "Value": "serverless-framework-deployments-eu-central-1-775c80b1-694c",
                    "Export": {
                      "Name": "sls-auth-server-dev-ServerlessDeploymentBucketName"
                    }
                  },
                  "GetAuthURLLambdaFunctionQualifiedArn": {
                    "Description": "Current Lambda function version",
                    "Value": {
                      "Ref": "GetAuthURLLambdaVersion8hJtaaSzAp0yCddJjKpOIsYqLHU682SgdUc7UTU"
                    },
                    "Export": {
                      "Name": "sls-auth-server-dev-GetAuthURLLambdaFunctionQualifiedArn"
                    }
                  },
                  "GetAccessTokenLambdaFunctionQualifiedArn": "<REDACTED>",
                  "GetCalendarEventsLambdaFunctionQualifiedArn": {
                    "Description": "Current Lambda function version",
                    "Value": {
                      "Ref": "GetCalendarEventsLambdaVersionBiuXyKStxtpvXBHRad66paSNglgFmVrfZSJlqkSi8o"
                    },
                    "Export": {
                      "Name": "sls-auth-server-dev-GetCalendarEventsLambdaFunctionQualifiedArn"
                    }
                  },
                  "ServiceEndpoint": {
                    "Description": "URL of the service endpoint",
                    "Value": {
                      "Fn::Join": [
                        "",
                        [
                          "https://",
                          {
                            "Ref": "ApiGatewayRestApi"
                          },
                          ".execute-api.",
                          {
                            "Ref": "AWS::Region"
                          },
                          ".",
                          {
                            "Ref": "AWS::URLSuffix"
                          },
                          "/dev"
                        ]
                      ]
                    },
                    "Export": {
                      "Name": "sls-auth-server-dev-ServiceEndpoint"
                    }
                  }
                }
              },
              "vpc": {}
            },
            "functions": {
              "getAuthURL": {
                "handler": "handler.getAuthURL",
                "events": [
                  {
                    "http": {
                      "path": "api/get-auth-url",
                      "method": "get",
                      "integration": "AWS_PROXY"
                    }
                  }
                ],
                "name": "auth-server-dev-getAuthURL",
                "package": {},
                "memory": 1024,
                "timeout": 30,
                "runtime": "nodejs18.x",
                "vpc": {},
                "versionLogicalId": "GetAuthURLLambdaVersion8hJtaaSzAp0yCddJjKpOIsYqLHU682SgdUc7UTU"
              },
              "getAccessToken": "<REDACTED>",
              "getCalendarEvents": {
                "handler": "handler.getCalendarEvents",
                "events": [
                  {
                    "http": {
                      "path": "api/get-events/{access_token}",
                      "method": "get",
                      "integration": "AWS_PROXY"
                    }
                  }
                ],
                "name": "auth-server-dev-getCalendarEvents",
                "package": {},
                "memory": 1024,
                "timeout": 30,
                "runtime": "nodejs18.x",
                "vpc": {},
                "versionLogicalId": "GetCalendarEventsLambdaVersionBiuXyKStxtpvXBHRad66paSNglgFmVrfZSJlqkSi8o"
              }
            }
          },
          "configFileDirPath": "C:\\web_dev\\meet\\auth-server",
          "config": {
            "type": "sls"
          },
          "options": {},
          "stage": "dev",
          "dashboard": null,
          "logger": {
            "namespace": "s:core:resolver:sls",
            "prefix": null,
            "prefixColor": null
          },
          "_credentialsPromise": "<REDACTED>"
        },
        "resolvers": {}
      }
    },
    "composeServiceName": null,
    "servicePath": "C:\\web_dev\\meet\\auth-server",
    "serviceConfigFileName": "serverless.yml",
    "service": {
      "service": "auth-server",
      "provider": {
        "name": "aws",
        "runtime": "nodejs18.x",
        "region": "eu-central-1",
        "timeout": 30,
        "environment": {
          "CLIENT_ID": "782152537588-7u3u4i6vcbp74qpcmqr5qrg024qccipf.apps.googleusercontent.com",
          "CLIENT_SECRET": "<REDACTED>",
          "CALENDAR_ID": "fullstackwebdev@careerfoundry.com"
        },
        "stage": "dev",
        "versionFunctions": true,
        "compiledCloudFormationTemplate": {
          "AWSTemplateFormatVersion": "2010-09-09",
          "Description": "The AWS CloudFormation template for this Serverless application",
          "Resources": {
            "GetAuthURLLogGroup": {
              "Type": "AWS::Logs::LogGroup",
              "Properties": {
                "LogGroupName": "/aws/lambda/auth-server-dev-getAuthURL"
              }
            },
            "GetAccessTokenLogGroup": "<REDACTED>",
            "GetCalendarEventsLogGroup": {
              "Type": "AWS::Logs::LogGroup",
              "Properties": {
                "LogGroupName": "/aws/lambda/auth-server-dev-getCalendarEvents"
              }
            },
            "IamRoleLambdaExecution": {
              "Type": "AWS::IAM::Role",
              "Properties": {
                "AssumeRolePolicyDocument": {
                  "Version": "2012-10-17",
                  "Statement": [
                    {
                      "Effect": "Allow",
                      "Principal": {
                        "Service": [
                          "lambda.amazonaws.com"
                        ]
                      },
                      "Action": [
                        "sts:AssumeRole"
                      ]
                    }
                  ]
                },
                "Policies": [
                  {
                    "PolicyName": {
                      "Fn::Join": [
                        "-",
                        [
                          "auth-server",
                          "dev",
                          "lambda"
                        ]
                      ]
                    },
                    "PolicyDocument": {
                      "Version": "2012-10-17",
                      "Statement": [
                        {
                          "Effect": "Allow",
                          "Action": [
                            "logs:CreateLogStream",
                            "logs:CreateLogGroup",
                            "logs:TagResource"
                          ],
                          "Resource": [
                            {
                              "Fn::Sub": "arn:${AWS::Partition}:logs:${AWS::Region}:${AWS::AccountId}:log-group:/aws/lambda/auth-server-dev*:*"
                            }
                          ]
                        },
                        {
                          "Effect": "Allow",
                          "Action": [
                            "logs:PutLogEvents"
                          ],
                          "Resource": [
                            {
                              "Fn::Sub": "arn:${AWS::Partition}:logs:${AWS::Region}:${AWS::AccountId}:log-group:/aws/lambda/auth-server-dev*:*:*"
                            }
                          ]
                        }
                      ]
                    }
                  }
                ],
                "Path": "/",
                "RoleName": {
                  "Fn::Join": [
                    "-",
                    [
                      "auth-server",
                      "dev",
                      {
                        "Ref": "AWS::Region"
                      },
                      "lambdaRole"
                    ]
                  ]
                }
              }
            },
            "GetAuthURLLambdaFunction": {
              "Type": "AWS::Lambda::Function",
              "Properties": {
                "Code": {
                  "S3Bucket": "serverless-framework-deployments-eu-central-1-775c80b1-694c",
                  "S3Key": "serverless/auth-server/dev/1735548733599-2024-12-30T08:52:13.599Z/auth-server.zip"
                },
                "Handler": "handler.getAuthURL",
                "Runtime": "nodejs18.x",
                "FunctionName": "auth-server-dev-getAuthURL",
                "MemorySize": 1024,
                "Timeout": 30,
                "Environment": {
                  "Variables": {
                    "CLIENT_ID": "782152537588-7u3u4i6vcbp74qpcmqr5qrg024qccipf.apps.googleusercontent.com",
                    "CLIENT_SECRET": "<REDACTED>",
                    "CALENDAR_ID": "fullstackwebdev@careerfoundry.com"
                  }
                },
                "Role": {
                  "Fn::GetAtt": [
                    "IamRoleLambdaExecution",
                    "Arn"
                  ]
                }
              },
              "DependsOn": [
                "GetAuthURLLogGroup"
              ]
            },
            "GetAccessTokenLambdaFunction": "<REDACTED>",
            "GetCalendarEventsLambdaFunction": {
              "Type": "AWS::Lambda::Function",
              "Properties": {
                "Code": {
                  "S3Bucket": "serverless-framework-deployments-eu-central-1-775c80b1-694c",
                  "S3Key": "serverless/auth-server/dev/1735548733599-2024-12-30T08:52:13.599Z/auth-server.zip"
                },
                "Handler": "handler.getCalendarEvents",
                "Runtime": "nodejs18.x",
                "FunctionName": "auth-server-dev-getCalendarEvents",
                "MemorySize": 1024,
                "Timeout": 30,
                "Environment": {
                  "Variables": {
                    "CLIENT_ID": "782152537588-7u3u4i6vcbp74qpcmqr5qrg024qccipf.apps.googleusercontent.com",
                    "CLIENT_SECRET": "<REDACTED>",
                    "CALENDAR_ID": "fullstackwebdev@careerfoundry.com"
                  }
                },
                "Role": {
                  "Fn::GetAtt": [
                    "IamRoleLambdaExecution",
                    "Arn"
                  ]
                }
              },
              "DependsOn": [
                "GetCalendarEventsLogGroup"
              ]
            },
            "GetAuthURLLambdaVersion8hJtaaSzAp0yCddJjKpOIsYqLHU682SgdUc7UTU": {
              "Type": "AWS::Lambda::Version",
              "DeletionPolicy": "Retain",
              "Properties": {
                "FunctionName": {
                  "Ref": "GetAuthURLLambdaFunction"
                },
                "CodeSha256": "sWA/dtJBZlOzrwgnmq57+mG+hNDcgdP0ZVlNqaiHqCM="
              }
            },
            "GetAccessTokenLambdaVersionjzK6NlVJOR3Fe8rAnMpOWoEXQkZ0StsFgTi8U8aXFk": "<REDACTED>",
            "GetCalendarEventsLambdaVersionBiuXyKStxtpvXBHRad66paSNglgFmVrfZSJlqkSi8o": {
              "Type": "AWS::Lambda::Version",
              "DeletionPolicy": "Retain",
              "Properties": {
                "FunctionName": {
                  "Ref": "GetCalendarEventsLambdaFunction"
                },
                "CodeSha256": "sWA/dtJBZlOzrwgnmq57+mG+hNDcgdP0ZVlNqaiHqCM="
              }
            },
            "ApiGatewayRestApi": {
              "Type": "AWS::ApiGateway::RestApi",
              "Properties": {
                "Name": "dev-auth-server",
                "EndpointConfiguration": {
                  "Types": [
                    "EDGE"
                  ]
                },
                "Policy": ""
              }
            },
            "ApiGatewayResourceApi": {
              "Type": "AWS::ApiGateway::Resource",
              "Properties": {
                "ParentId": {
                  "Fn::GetAtt": [
                    "ApiGatewayRestApi",
                    "RootResourceId"
                  ]
                },
                "PathPart": "api",
                "RestApiId": {
                  "Ref": "ApiGatewayRestApi"
                }
              }
            },
            "ApiGatewayResourceApiGetDashauthDashurl": {
              "Type": "AWS::ApiGateway::Resource",
              "Properties": {
                "ParentId": {
                  "Ref": "ApiGatewayResourceApi"
                },
                "PathPart": "get-auth-url",
                "RestApiId": {
                  "Ref": "ApiGatewayRestApi"
                }
              }
            },
            "ApiGatewayResourceApiToken": "<REDACTED>",
            "ApiGatewayResourceApiTokenCodeVar": "<REDACTED>",
            "ApiGatewayResourceApiGetDashevents": {
              "Type": "AWS::ApiGateway::Resource",
              "Properties": {
                "ParentId": {
                  "Ref": "ApiGatewayResourceApi"
                },
                "PathPart": "get-events",
                "RestApiId": {
                  "Ref": "ApiGatewayRestApi"
                }
              }
            },
            "ApiGatewayResourceApiGetDasheventsAccesstokenVar": "<REDACTED>",
            "ApiGatewayMethodApiGetDashauthDashurlGet": {
              "Type": "AWS::ApiGateway::Method",
              "Properties": {
                "HttpMethod": "GET",
                "RequestParameters": {},
                "ResourceId": {
                  "Ref": "ApiGatewayResourceApiGetDashauthDashurl"
                },
                "RestApiId": {
                  "Ref": "ApiGatewayRestApi"
                },
                "ApiKeyRequired": "<REDACTED>",
                "AuthorizationType": "NONE",
                "Integration": {
                  "IntegrationHttpMethod": "POST",
                  "Type": "AWS_PROXY",
                  "Uri": {
                    "Fn::Join": [
                      "",
                      [
                        "arn:",
                        {
                          "Ref": "AWS::Partition"
                        },
                        ":apigateway:",
                        {
                          "Ref": "AWS::Region"
                        },
                        ":lambda:path/2015-03-31/functions/",
                        {
                          "Fn::GetAtt": [
                            "GetAuthURLLambdaFunction",
                            "Arn"
                          ]
                        },
                        "/invocations"
                      ]
                    ]
                  }
                },
                "MethodResponses": []
              },
              "DependsOn": [
                "GetAuthURLLambdaPermissionApiGateway"
              ]
            },
            "ApiGatewayMethodApiTokenCodeVarGet": "<REDACTED>",
            "ApiGatewayMethodApiGetDasheventsAccesstokenVarGet": "<REDACTED>",
            "ApiGatewayDeployment1735548721710": {
              "Type": "AWS::ApiGateway::Deployment",
              "Properties": {
                "RestApiId": {
                  "Ref": "ApiGatewayRestApi"
                },
                "StageName": "dev"
              },
              "DependsOn": [
                "ApiGatewayMethodApiGetDashauthDashurlGet",
                "ApiGatewayMethodApiTokenCodeVarGet",
                "ApiGatewayMethodApiGetDasheventsAccesstokenVarGet"
              ]
            },
            "GetAuthURLLambdaPermissionApiGateway": {
              "Type": "AWS::Lambda::Permission",
              "Properties": {
                "FunctionName": {
                  "Fn::GetAtt": [
                    "GetAuthURLLambdaFunction",
                    "Arn"
                  ]
                },
                "Action": "lambda:InvokeFunction",
                "Principal": "apigateway.amazonaws.com",
                "SourceArn": {
                  "Fn::Join": [
                    "",
                    [
                      "arn:",
                      {
                        "Ref": "AWS::Partition"
                      },
                      ":execute-api:",
                      {
                        "Ref": "AWS::Region"
                      },
                      ":",
                      {
                        "Ref": "AWS::AccountId"
                      },
                      ":",
                      {
                        "Ref": "ApiGatewayRestApi"
                      },
                      "/*/*"
                    ]
                  ]
                }
              }
            },
            "GetAccessTokenLambdaPermissionApiGateway": "<REDACTED>",
            "GetCalendarEventsLambdaPermissionApiGateway": {
              "Type": "AWS::Lambda::Permission",
              "Properties": {
                "FunctionName": {
                  "Fn::GetAtt": [
                    "GetCalendarEventsLambdaFunction",
                    "Arn"
                  ]
                },
                "Action": "lambda:InvokeFunction",
                "Principal": "apigateway.amazonaws.com",
                "SourceArn": {
                  "Fn::Join": [
                    "",
                    [
                      "arn:",
                      {
                        "Ref": "AWS::Partition"
                      },
                      ":execute-api:",
                      {
                        "Ref": "AWS::Region"
                      },
                      ":",
                      {
                        "Ref": "AWS::AccountId"
                      },
                      ":",
                      {
                        "Ref": "ApiGatewayRestApi"
                      },
                      "/*/*"
                    ]
                  ]
                }
              }
            }
          },
          "Outputs": {
            "ServerlessDeploymentBucketName": {
              "Value": "serverless-framework-deployments-eu-central-1-775c80b1-694c",
              "Export": {
                "Name": "sls-auth-server-dev-ServerlessDeploymentBucketName"
              }
            },
            "GetAuthURLLambdaFunctionQualifiedArn": {
              "Description": "Current Lambda function version",
              "Value": {
                "Ref": "GetAuthURLLambdaVersion8hJtaaSzAp0yCddJjKpOIsYqLHU682SgdUc7UTU"
              },
              "Export": {
                "Name": "sls-auth-server-dev-GetAuthURLLambdaFunctionQualifiedArn"
              }
            },
            "GetAccessTokenLambdaFunctionQualifiedArn": "<REDACTED>",
            "GetCalendarEventsLambdaFunctionQualifiedArn": {
              "Description": "Current Lambda function version",
              "Value": {
                "Ref": "GetCalendarEventsLambdaVersionBiuXyKStxtpvXBHRad66paSNglgFmVrfZSJlqkSi8o"
              },
              "Export": {
                "Name": "sls-auth-server-dev-GetCalendarEventsLambdaFunctionQualifiedArn"
              }
            },
            "ServiceEndpoint": {
              "Description": "URL of the service endpoint",
              "Value": {
                "Fn::Join": [
                  "",
                  [
                    "https://",
                    {
                      "Ref": "ApiGatewayRestApi"
                    },
                    ".execute-api.",
                    {
                      "Ref": "AWS::Region"
                    },
                    ".",
                    {
                      "Ref": "AWS::URLSuffix"
                    },
                    "/dev"
                  ]
                ]
              },
              "Export": {
                "Name": "sls-auth-server-dev-ServiceEndpoint"
              }
            }
          }
        },
        "vpc": {}
      },
      "functions": {
        "getAuthURL": {
          "handler": "handler.getAuthURL",
          "events": [
            {
              "http": {
                "path": "api/get-auth-url",
                "method": "get",
                "integration": "AWS_PROXY"
              }
            }
          ],
          "name": "auth-server-dev-getAuthURL",
          "package": {},
          "memory": 1024,
          "timeout": 30,
          "runtime": "nodejs18.x",
          "vpc": {},
          "versionLogicalId": "GetAuthURLLambdaVersion8hJtaaSzAp0yCddJjKpOIsYqLHU682SgdUc7UTU"
        },
        "getAccessToken": "<REDACTED>",
        "getCalendarEvents": {
          "handler": "handler.getCalendarEvents",
          "events": [
            {
              "http": {
                "path": "api/get-events/{access_token}",
                "method": "get",
                "integration": "AWS_PROXY"
              }
            }
          ],
          "name": "auth-server-dev-getCalendarEvents",
          "package": {},
          "memory": 1024,
          "timeout": 30,
          "runtime": "nodejs18.x",
          "vpc": {},
          "versionLogicalId": "GetCalendarEventsLambdaVersionBiuXyKStxtpvXBHRad66paSNglgFmVrfZSJlqkSi8o"
        }
      }
    },
    "serviceRawFile": "service: auth-server\r\n\r\n\r\nprovider:\r\n name: aws\r\n runtime: nodejs18.x\r\n region: eu-central-1\r\n timeout: 30\r\n environment:\r\n   CLIENT_ID: ${file(config.json):CLIENT_ID}\r\n   CLIENT_SECRET: ${file(config.json):CLIENT_SECRET}\r\n   CALENDAR_ID: ${file(config.json):CALENDAR_ID}\r\nfunctions:\r\n\r\n getAuthURL:\r\n   handler: handler.getAuthURL\r\n   events:\r\n     - http:\r\n         path: api/get-auth-url\r\n         method: get\r\n getAccessToken:\r\n   handler: handler.getAccessToken\r\n   events:\r\n     - http:\r\n         path: api/token/{code}\r\n         method: get\r\n getCalendarEvents:\r\n   handler: handler.getCalendarEvents\r\n   events:\r\n     - http:\r\n         path: api/get-events/{access_token}\r\n         method: get",
    "command": [
      "deploy"
    ],
    "options": {},
    "error": null,
    "params": {},
    "machineId": "278beec557f95668266bbda7281d3cb8",
    "stage": "dev",
    "accessKeyV2": "<REDACTED>",
    "accessKeyV1": "<REDACTED>",
    "orgId": "596f491d-7b23-46da-a574-68487e5fb9b7",
    "orgName": "002978",
    "userId": "cDzWbx3wlmQCf7F89M",
    "dashboard": {
      "isEnabledForService": false,
      "requiredAuthentication": false,
      "orgFeaturesInUse": null,
      "orgObservabilityIntegrations": null,
      "serviceAppId": null,
      "serviceProvider": null,
      "instanceParameters": null
    },
    "userName": "002978",
    "subscription": null,
    "userEmail": "plumby.eschenbacher@yahoo.com",
    "serviceProviderAwsRegion": "eu-central-1",
    "serviceProviderAwsCredentials": "<REDACTED>",
    "serviceProviderAwsAccountId": "137068222461",
    "projectType": "traditional",
    "versionSf": "4.4.18",
    "serviceProviderAwsCfStackName": "auth-server-dev",
    "integrations": {},
    "serviceUniqueId": "arn:aws:cloudformation:eu-central-1:137068222461:stack/auth-server-dev/433a7890-bc6c-11ef-bd12-06cc2fe30a0b",
    "serviceProviderAwsCfStackId": "arn:aws:cloudformation:eu-central-1:137068222461:stack/auth-server-dev/433a7890-bc6c-11ef-bd12-06cc2fe30a0b",
    "serviceProviderAwsCfStackCreated": "2024-12-17T11:44:24.624Z",
    "serviceProviderAwsCfStackUpdated": "2024-12-30T08:52:23.971Z",
    "serviceProviderAwsCfStackStatus": "UPDATE_COMPLETE",
    "serviceProviderAwsCfStackOutputs": [
      {
        "OutputKey": "GetAccessTokenLambdaFunctionQualifiedArn",
        "OutputValue": "arn:aws:lambda:eu-central-1:137068222461:function:auth-server-dev-getAccessToken:3",
        "Description": "Current Lambda function version",
        "ExportName": "sls-auth-server-dev-GetAccessTokenLambdaFunctionQualifiedArn"
      },
      {
        "OutputKey": "GetAuthURLLambdaFunctionQualifiedArn",
        "OutputValue": "arn:aws:lambda:eu-central-1:137068222461:function:auth-server-dev-getAuthURL:4",
        "Description": "Current Lambda function version",
        "ExportName": "sls-auth-server-dev-GetAuthURLLambdaFunctionQualifiedArn"
      },
      {
        "OutputKey": "GetCalendarEventsLambdaFunctionQualifiedArn",
        "OutputValue": "arn:aws:lambda:eu-central-1:137068222461:function:auth-server-dev-getCalendarEvents:1",
        "Description": "Current Lambda function version",
        "ExportName": "sls-auth-server-dev-GetCalendarEventsLambdaFunctionQualifiedArn"
      },
      {
        "OutputKey": "ServiceEndpoint",
        "OutputValue": "https://x2dzpnfzte.execute-api.eu-central-1.amazonaws.com/dev",
        "Description": "URL of the service endpoint",
        "ExportName": "sls-auth-server-dev-ServiceEndpoint"
      },
      {
        "OutputKey": "ServerlessDeploymentBucketName",
        "OutputValue": "serverless-framework-deployments-eu-central-1-775c80b1-694c",
        "ExportName": "sls-auth-server-dev-ServerlessDeploymentBucketName"
      }
    ]
  }
}